Source,CA GHG (CO2eq) tonnes,Seaweed area (km2),Seaweed production (tonnes)
All emissions,429400000,324289.3185,4717851806
agriculture,34352000,25943.14548,377428144.5
commercial,21470000,16214.46592,235892590.3